{
    "responseTimestamp": "2021-06-18T08:59:13.2057678+00:00",
    "recordCount": 1,
    "records": [
        {
            "assetAddress": "0xa64bd6c70cb9051f6a9ba1f163fdc07e0dfb5f84",
            "assetName": "Aave: aLINK Token",
            "exchangeRatePairId": 210668,
            "pnLOpening": 87739609.76,
            "pnLClosing": 87018584.95,
            "pnLDiffPercentage": -0.8217779996654501,
            "exchangeRateOpening": 22.15646153932227,
            "exchangeRateClosing": 21.97438461386058,
            "exchangeRateDiffPercentage": -0.8217779952748693,
            "netWorthOpening": 85080820.37,
            "netWorthClosing": 84381644.91,
            "netWorthDiffPercentage": -0.8217779952748709,
            "fundingOpeningToken": -120000.632029312,
            "fundingClosingToken": -120000.632029312,
            "fundingOpeningUsd": -2658789.39,
            "fundingClosingUsd": -2636940.04,
            "fundingDiffPercentage": -0.8217781401632568,
            "walletOpeningToken": 3840000.3637314765,
            "walletClosingToken": 3840000.3637314765,
            "walletOpeningUsd": 85080820.37,
            "walletClosingUsd": 84381644.91,
            "walletDiffPercentage": -0.8217779952748709,
            "supplyOpeningToken": -627845.6289979147,
            "supplyClosingToken": -627845.6289979147,
            "supplyOpeningUsd": -13910837.53,
            "supplyClosingUsd": -13796521.33,
            "supplyDiffPercentage": -0.8217779824792476,
            "collateralOpeningToken": 3332154.736459477,
            "collateralClosingToken": 3332154.736459477,
            "collateralOpeningUsd": 73828758.26,
            "collateralClosingUsd": 73222049.78,
            "collateralDiffPercentage": -0.821777982318729,
            "stakeOpeningToken": 0,
            "stakeClosingToken": 0,
            "stakeOpeningUsd": 0,
            "stakeClosingUsd": 0,
            "stakeDiffPercentage": 0,
            "borrowOpeningToken": 0,
            "borrowClosingToken": 0,
            "borrowOpeningUsd": 0,
            "borrowClosingUsd": 0,
            "borrowDiffPercentage": 0
        }
    ]
}
